case_id,year,date,country,state,deaths,tesla_driver,tesla_occupant,other_vehicle,cyclists_peds,tsla_cycl_peds,model,autopilot_claimed,verified_ap_deaths,verified_ap_nhtsa
294.0,2022.0,2023-01-17,USA,CA,1.0,1.0,,,,1.0,UNKNOWN / UNSPECIFIED,,,
293.0,2022.0,2023-01-07,Canada,,1.0,1.0,,,,1.0,UNKNOWN / UNSPECIFIED,,,
292.0,2022.0,2023-01-07,USA,WA,1.0,,1.0,,,1.0,UNKNOWN / UNSPECIFIED,,,
291.0,2022.0,2022-12-22,USA,GA,1.0,1.0,,,,1.0,UNKNOWN / UNSPECIFIED,,,
290.0,2022.0,2022-12-19,Canada,,1.0,,,,1.0,1.0,UNKNOWN / UNSPECIFIED,,,
289.0,2022.0,2022-12-18,USA,CA,1.0,,1.0,,,,UNKNOWN / UNSPECIFIED,,,
288.0,2022.0,2022-12-17,USA,CA,1.0,,,,1.0,1.0,UNKNOWN / UNSPECIFIED,,,
287.0,2022.0,2022-12-11,USA,CA,1.0,1.0,,,,,UNKNOWN / UNSPECIFIED,,,
286.0,2022.0,2022-12-11,USA,MO,1.0,,,1.0,,,UNKNOWN / UNSPECIFIED,,,
285.0,2022.0,2022-12-06,Canada,,1.0,1.0,,,,,UNKNOWN / UNSPECIFIED,,,
284.0,2022.0,2022-11-28,China,,2.0,,,2.0,,,Y,,,
283.0,2022.0,2022-11-27,USA,CA,1.0,1.0,,,,1.0,UNKNOWN / UNSPECIFIED,,,
282.0,2022.0,2022-11-26,USA,AR,1.0,,,,1.0,1.0,UNKNOWN / UNSPECIFIED,,,
281.0,2022.0,2022-11-18,China,,1.0,1.0,,,,1.0,UNKNOWN / UNSPECIFIED,,,
280.0,2022.0,2022-11-12,Mexico,,1.0,,,1.0,,,UNKNOWN / UNSPECIFIED,,,
279.0,2022.0,2022-11-12,USA,CA,1.0,,,1.0,,,UNKNOWN / UNSPECIFIED,,,
278.0,2022.0,2022-11-11,USA,CA,1.0,,1.0,,,,UNKNOWN / UNSPECIFIED,1.0,,
277.0,2022.0,2022-11-05,China,,2.0,,,1.0,1.0,1.0,UNKNOWN / UNSPECIFIED,,,
276.0,2022.0,2022-11-04,USA,IL,1.0,1.0,,,,1.0,UNKNOWN / UNSPECIFIED,,,
275.0,2022.0,2022-10-19,USA,CA,1.0,1.0,,,,1.0,OTHER / UNSPECIFIED,,,
274.0,2022.0,2022-10-18,USA,FL,4.0,1.0,1.0,2.0,,2.0,UNKNOWN / UNSPECIFIED,,,
273.0,2022.0,2022-10-12,UK,,1.0,1.0,,,,1.0,OTHER / UNSPECIFIED,,,
272.0,2022.0,2022-10-09,USA,CA,1.0,,1.0,,,1.0,UNKNOWN / UNSPECIFIED,,,
271.0,2022.0,2022-10-01,USA,FL,1.0,1.0,,,,1.0,UNKNOWN / UNSPECIFIED,,,
270.0,2022.0,2022-09-18,USA,SC,2.0,1.0,1.0,,,2.0,UNKNOWN / UNSPECIFIED,,,
269.0,2022.0,2022-09-18,USA,MD,1.0,,,1.0,,,UNKNOWN / UNSPECIFIED,,,
268.0,2020.0,2022-09-16,USA,GA,1.0,,,,1.0,1.0,UNKNOWN / UNSPECIFIED,1.0,,
267.0,2022.0,2022-09-13,USA,CA,1.0,1.0,,,,1.0,UNKNOWN / UNSPECIFIED,,,
266.0,2022.0,2022-09-12,USA,NY,1.0,1.0,,,,,UNKNOWN / UNSPECIFIED,,,
265.0,2022.0,2022-09-07,USA,CA,1.0,1.0,,,,,UNKNOWN / UNSPECIFIED,,,
264.0,2022.0,2022-08-30,USA,CA,1.0,,,1.0,,,UNKNOWN / UNSPECIFIED,,,
263.0,2022.0,2022-08-26,USA,FL,1.0,,,1.0,,,3,,1.0,1.0
262.0,2022.0,2022-08-24,USA,MA,1.0,,,1.0,,,UNKNOWN / UNSPECIFIED,,,
261.0,2022.0,2022-08-23,USA,SC,2.0,,,2.0,,,3,,2.0,2.0
260.0,2022.0,2022-08-21,UK,,1.0,,,1.0,,,UNKNOWN / UNSPECIFIED,,,
259.0,2022.0,2022-08-20,USA,FL,1.0,1.0,,,,1.0,S,,,
258.0,2022.0,2022-08-20,USA,FL,1.0,,,,1.0,1.0,UNKNOWN / UNSPECIFIED,,,
257.0,2022.0,2022-08-16,Germany,,3.0,,,,,3.0,UNKNOWN / UNSPECIFIED,,,
256.0,2022.0,2022-08-14,USA,CA,4.0,1.0,3.0,,,4.0,UNKNOWN / UNSPECIFIED,,,
255.0,2022.0,2022-08-14,Finland,,1.0,,,,1.0,1.0,UNKNOWN / UNSPECIFIED,,,
254.0,2022.0,2022-08-02,USA,FL,1.0,,,,1.0,1.0,3,,,
253.0,2022.0,2022-07-27,Canada,,1.0,,,,1.0,1.0,UNKNOWN / UNSPECIFIED,,,
252.0,2022.0,2022-07-27,USA,ME,1.0,1.0,,,,1.0,UNKNOWN / UNSPECIFIED,,,
251.0,2022.0,2022-07-24,USA,UT,1.0,,,1.0,,,3,1.0,1.0,1.0
250.0,2022.0,2022-07-16,USA,PA,1.0,1.0,,,,1.0,UNKNOWN / UNSPECIFIED,,,
249.0,2022.0,2022-07-12,China,,2.0,,,,2.0,2.0,Y,,,
248.0,2022.0,2022-07-08,USA,CA,1.0,,,1.0,,,UNKNOWN / UNSPECIFIED,,,
247.0,2022.0,2022-07-08,USA,HA,1.0,,,1.0,,,UNKNOWN / UNSPECIFIED,,,
246.0,2022.0,2022-07-07,USA,CA,1.0,,,1.0,,,Y,1.0,1.0,1.0
245.0,2022.0,2022-07-06,USA,FL,2.0,1.0,1.0,,,2.0,UNKNOWN / UNSPECIFIED,2.0,2.0,2.0
244.0,2022.0,2022-07-05,USA,GA,1.0,1.0,,,,1.0,UNKNOWN / UNSPECIFIED,,,
243.0,2022.0,2022-06-26,USA,CA,1.0,,,1.0,,,UNKNOWN / UNSPECIFIED,,,
242.0,2022.0,2022-06-20,USA,AL,1.0,,,1.0,,,UNKNOWN / UNSPECIFIED,,,
241.0,2022.0,2022-06-20,USA,PA,1.0,,,,1.0,1.0,UNKNOWN / UNSPECIFIED,,,
240.0,2022.0,2022-06-20,Canada,,1.0,1.0,,,,1.0,UNKNOWN / UNSPECIFIED,,,
239.0,2022.0,2022-06-19,USA,MI,2.0,1.0,1.0,,,2.0,UNKNOWN / UNSPECIFIED,,,
238.0,2022.0,2022-06-17,USA,CA,2.0,1.0,1.0,,,2.0,UNKNOWN / UNSPECIFIED,,,
237.0,2022.0,2022-06-14,USA,CA,1.0,,,1.0,,,UNKNOWN / UNSPECIFIED,,,
236.0,2022.0,2022-06-13,USA,CA,1.0,1.0,,,,1.0,UNKNOWN / UNSPECIFIED,,,
235.0,2022.0,2022-06-07,USA,CA,1.0,,,,1.0,1.0,UNKNOWN / UNSPECIFIED,,,
234.0,2022.0,2022-06-03,USA,NV,1.0,,,1.0,,,UNKNOWN / UNSPECIFIED,,,
233.0,2022.0,2022-05-28,USA,NY,1.0,,,1.0,,,UNKNOWN / UNSPECIFIED,,,
232.0,2022.0,2022-05-28,USA,OR,2.0,1.0,,1.0,,1.0,Y,,,
231.0,2022.0,2022-05-28,USA,CA,1.0,1.0,,,,1.0,UNKNOWN / UNSPECIFIED,,,
230.0,2022.0,2022-05-25,USA,OR,1.0,,1.0,,,1.0,S,,,
229.0,2022.0,2022-05-23,USA,AZ,1.0,1.0,,,,1.0,UNKNOWN / UNSPECIFIED,,,
228.0,2022.0,2022-05-21,China,,1.0,,,,1.0,1.0,UNKNOWN / UNSPECIFIED,,,
227.0,2022.0,2022-05-19,USA,NJ,1.0,1.0,,,,1.0,UNKNOWN / UNSPECIFIED,,,
226.0,2022.0,2022-05-19,USA,NJ,1.0,1.0,,,,1.0,UNKNOWN / UNSPECIFIED,,,
225.0,2022.0,2022-05-18,USA,CA,1.0,,,,1.0,1.0,3,1.0,,1.0
224.0,2022.0,2022-05-17,USA,CO,1.0,1.0,,,,1.0,3,1.0,,1.0
223.0,2022.0,2022-05-12,Australia,,1.0,,,,1.0,1.0,X,,,
222.0,2022.0,2022-05-11,USA,CA,3.0,1.0,2.0,,,3.0,S,1.0,,
221.0,2022.0,2022-05-07,USA,UT,2.0,,,2.0,,,UNKNOWN / UNSPECIFIED,,,
220.0,2022.0,2022-05-01,USA,PA,1.0,,,,1.0,1.0,UNKNOWN / UNSPECIFIED,,,
219.0,2022.0,2022-04-29,USA,NC,1.0,1.0,,,,,UNKNOWN / UNSPECIFIED,,,
218.0,2022.0,2022-04-14,USA,FL,1.0,,,1.0,,,Y,1.0,,1.0
217.0,2022.0,2022-04-10,UK,,1.0,,,1.0,,,UNKNOWN / UNSPECIFIED,,,
216.0,2022.0,2022-04-08,Netherlands,,1.0,,,,,1.0,UNKNOWN / UNSPECIFIED,,,
215.0,2022.0,2022-03-26,USA,CA,1.0,,,,,1.0,UNKNOWN / UNSPECIFIED,1.0,,1.0
214.0,2022.0,2022-03-21,USA,CA,2.0,,,2.0,,,UNKNOWN / UNSPECIFIED,,,
213.0,2022.0,2022-03-20,USA,CA,2.0,1.0,,1.0,,1.0,3,,,
212.0,2022.0,2022-03-14,USA,CA,2.0,1.0,1.0,,,1.0,UNKNOWN / UNSPECIFIED,,,
211.0,2022.0,2022-03-14,USA,FL,1.0,1.0,,,,1.0,UNKNOWN / UNSPECIFIED,,,
210.0,2022.0,2022-03-13,Switzerland,,1.0,,,1.0,,1.0,UNKNOWN / UNSPECIFIED,,,
209.0,2022.0,2022-03-12,USA,NY,1.0,1.0,,,,1.0,S,,,
208.0,2022.0,2022-03-07,China,,1.0,,,,1.0,1.0,UNKNOWN / UNSPECIFIED,1.0,,
207.0,2022.0,2022-03-07,USA,CA,1.0,1.0,,,,1.0,UNKNOWN / UNSPECIFIED,,,
206.0,2022.0,2022-03-05,USA,CA,1.0,,,1.0,,,UNKNOWN / UNSPECIFIED,,,
205.0,2022.0,2022-02-28,USA,ID,1.0,1.0,,,,1.0,UNKNOWN / UNSPECIFIED,,,
204.0,2022.0,2022-02-27,USA,MO,1.0,1.0,,,,1.0,UNKNOWN / UNSPECIFIED,,,
203.0,2022.0,2022-02-12,USA,CA,1.0,1.0,,,,1.0,UNKNOWN / UNSPECIFIED,,,
202.0,2022.0,2022-02-07,USA,FL,1.0,1.0,,,,1.0,UNKNOWN / UNSPECIFIED,,,
201.0,2022.0,2022-01-16,USA,CA,1.0,,,1.0,,,UNKNOWN / UNSPECIFIED,,,
200.0,2022.0,2022-01-01,USA,CA,1.0,,,1.0,,,X,,,
199.0,2022.0,2022-01-01,USA,CA,1.0,1.0,,,,1.0,UNKNOWN / UNSPECIFIED,,,
198.0,2021.0,2021-12-31,USA,CA,2.0,1.0,1.0,,,2.0,UNKNOWN / UNSPECIFIED,,,
197.0,2021.0,2021-12-28,USA,CA,1.0,,,1.0,,,UNKNOWN / UNSPECIFIED,1.0,,1.0
196.0,2021.0,2021-12-24,China,,1.0,1.0,,,,1.0,UNKNOWN / UNSPECIFIED,,,
195.0,2021.0,2021-12-18,USA,CA,1.0,,,1.0,,,Y,,,
194.0,2021.0,2021-12-11,France,,1.0,,,,1.0,1.0,UNKNOWN / UNSPECIFIED,,,
193.0,2021.0,2021-12-07,USA,AZ,1.0,1.0,,,,1.0,UNKNOWN / UNSPECIFIED,,,
192.0,2021.0,2021-12-07,Germany,,1.0,1.0,,,,1.0,UNKNOWN / UNSPECIFIED,,,
191.0,2021.0,2021-12-02,China,,1.0,,,1.0,,,UNKNOWN / UNSPECIFIED,,,
190.0,2021.0,2021-12-01,USA,CA,1.0,1.0,,,,1.0,3,,,
189.0,2021.0,2021-11-29,USA,CA,1.0,,,1.0,,,UNKNOWN / UNSPECIFIED,,,
188.0,2021.0,2021-11-15,USA,CA,1.0,,,,,1.0,UNKNOWN / UNSPECIFIED,,,
187.0,2021.0,2021-11-08,USA,AZ,1.0,,,1.0,,,UNKNOWN / UNSPECIFIED,,,
186.0,2021.0,2021-11-08,USA,OH,1.0,1.0,,,,1.0,UNKNOWN / UNSPECIFIED,,,
185.0,2021.0,2021-11-06,USA,NV,1.0,,1.0,,,1.0,Y,,,
184.0,2021.0,2021-11-04,USA,FL,1.0,,,,1.0,1.0,UNKNOWN / UNSPECIFIED,,,
183.0,2021.0,2021-10-28,USA,GA,1.0,,,1.0,,,UNKNOWN / UNSPECIFIED,,,
182.0,2021.0,2021-10-15,USA,AZ,1.0,,,1.0,,,UNKNOWN / UNSPECIFIED,,,
181.0,2021.0,2021-09-17,USA,IA,1.0,,,1.0,,,UNKNOWN / UNSPECIFIED,,,
180.0,2021.0,2021-09-13,USA,FL,2.0,1.0,1.0,,,2.0,3,,,
179.0,2021.0,2021-09-04,China,,1.0,,,,1.0,1.0,UNKNOWN / UNSPECIFIED,,,
178.0,2021.0,2021-09-04,USA,FL,2.0,,1.0,,1.0,2.0,S,,,
177.0,2021.0,2021-08-29,USA,NY,2.0,1.0,1.0,,,2.0,3,,,
176.0,2021.0,2021-08-26,Netherlands,,1.0,1.0,,,,1.0,UNKNOWN / UNSPECIFIED,,,
175.0,2021.0,2021-08-25,USA,AZ,3.0,,,3.0,,,UNKNOWN / UNSPECIFIED,,,
174.0,2021.0,2021-08-17,USA,PA,1.0,1.0,,,,1.0,3,,,
173.0,2021.0,2021-07-26,Netherlands,,1.0,,,,,,UNKNOWN / UNSPECIFIED,,,
172.0,2021.0,2021-07-26,USA,NY,1.0,,,,1.0,1.0,UNKNOWN / UNSPECIFIED,1.0,1.0,1.0
171.0,2021.0,2021-07-23,USA,GA,1.0,1.0,,,,1.0,3,,,
170.0,2021.0,2021-07-21,USA,GA,1.0,,,,1.0,1.0,UNKNOWN / UNSPECIFIED,,,
169.0,2021.0,2021-07-07,USA,CA,1.0,,,1.0,,,S,,,
168.0,2021.0,2021-06-29,USA,CA,2.0,1.0,,1.0,,1.0,UNKNOWN / UNSPECIFIED,,,
167.0,2021.0,2021-06-19,USA,MI,2.0,1.0,1.0,,,2.0,UNKNOWN / UNSPECIFIED,,,
166.0,2021.0,2021-06-16,USA,FL,1.0,1.0,,,,1.0,UNKNOWN / UNSPECIFIED,,,
165.0,2021.0,2021-06-16,Denmark,,1.0,1.0,,,,1.0,UNKNOWN / UNSPECIFIED,,,
164.0,2021.0,2021-06-11,USA,WA,1.0,1.0,,,,1.0,UNKNOWN / UNSPECIFIED,,,
163.0,2021.0,2021-06-11,USA,NY,1.0,,1.0,,,1.0,UNKNOWN / UNSPECIFIED,,,
162.0,2021.0,2021-06-01,USA,WA,1.0,1.0,,,,1.0,UNKNOWN / UNSPECIFIED,,,
161.0,2021.0,2021-05-26,USA,VA,4.0,,,4.0,,,UNKNOWN / UNSPECIFIED,,,
160.0,2021.0,2021-05-15,China,,1.0,,,,1.0,1.0,UNKNOWN / UNSPECIFIED,,,
159.0,2021.0,2021-05-07,China,,1.0,1.0,,,,1.0,UNKNOWN / UNSPECIFIED,,,
158.0,2021.0,2021-05-05,USA,CA,1.0,1.0,,,,1.0,UNKNOWN / UNSPECIFIED,1.0,,
157.0,2021.0,2021-04-17,USA,TX,2.0,,,,,2.0,S,2.0,,
156.0,2021.0,2021-04-17,China,,1.0,,1.0,,,1.0,UNKNOWN / UNSPECIFIED,,,
155.0,2021.0,2021-04-16,France,,2.0,,,,,2.0,UNKNOWN / UNSPECIFIED,,,
154.0,2021.0,2021-04-14,USA,TX,1.0,1.0,,,,1.0,UNKNOWN / UNSPECIFIED,,,
153.0,2021.0,2021-04-13,Germany,,1.0,1.0,,,,1.0,S,,,
152.0,2021.0,2021-04-03,USA,PA,2.0,1.0,1.0,,,2.0,UNKNOWN / UNSPECIFIED,,,
151.0,2021.0,2021-04-01,China,,1.0,1.0,,,,1.0,3,,,
150.0,2021.0,2021-03-21,UK,,1.0,,,,1.0,1.0,UNKNOWN / UNSPECIFIED,,,
149.0,2021.0,2021-03-20,Belgium,,1.0,1.0,,,,1.0,UNKNOWN / UNSPECIFIED,,,
148.0,2021.0,2021-03-13,UK,,1.0,,,1.0,,,3,,,
147.0,2021.0,2021-03-10,USA,CA,2.0,1.0,1.0,,,1.0,UNKNOWN / UNSPECIFIED,,,
146.0,2021.0,2021-03-07,USA,OH,1.0,,,1.0,,,UNKNOWN / UNSPECIFIED,,,
145.0,2021.0,2021-02-22,USA,CA,1.0,1.0,,,,1.0,UNKNOWN / UNSPECIFIED,,,
144.0,2021.0,2021-01-22,USA,AZ,2.0,1.0,1.0,,,2.0,UNKNOWN / UNSPECIFIED,,,
143.0,2021.0,2021-01-21,USA,CO,1.0,,,1.0,,,UNKNOWN / UNSPECIFIED,,,
142.0,2021.0,2021-01-15,USA,FL,1.0,,,1.0,,,UNKNOWN / UNSPECIFIED,,,
141.0,2021.0,2021-01-10,USA,UT,2.0,1.0,,1.0,,,UNKNOWN / UNSPECIFIED,,,
140.0,2020.0,2020-12-18,Portugal,,1.0,1.0,,,,1.0,UNKNOWN / UNSPECIFIED,,,
139.0,2020.0,2020-12-11,USA,FL,1.0,,,,1.0,1.0,UNKNOWN / UNSPECIFIED,,,
138.0,2020.0,2020-12-09,South Korea,,1.0,,1.0,,,1.0,X,1.0,,
137.0,2020.0,2020-12-04,USA,CA,1.0,,1.0,,,1.0,UNKNOWN / UNSPECIFIED,,,
136.0,2020.0,2020-11-16,USA,MO,1.0,,,1.0,,,Y,,,
135.0,2020.0,2020-10-31,USA,CA,1.0,,,1.0,,,Y,,,
134.0,2020.0,2020-10-10,USA,CA,1.0,,,1.0,,,Y,,,
133.0,2020.0,2020-10-07,Belgium,,1.0,,,1.0,,,3,,,
131.0,2020.0,2020-09-12,USA,CA,1.0,,,1.0,,,UNKNOWN / UNSPECIFIED,,,
130.0,2020.0,2020-09-06,USA,IL,1.0,1.0,,,,1.0,UNKNOWN / UNSPECIFIED,,,
129.0,2020.0,2020-09-05,China,,2.0,,,,2.0,2.0,X,,,
128.0,2020.0,2020-08-24,USA,VA,1.0,,,1.0,,,X,,,
127.0,2020.0,2020-08-13,Germany,,1.0,1.0,,,,1.0,X,1.0,,
126.0,2020.0,2020-08-12,USA,CA,2.0,1.0,1.0,,,1.0,UNKNOWN / UNSPECIFIED,1.0,,
125.0,2020.0,2020-08-02,USA,CA,2.0,1.0,1.0,,,1.0,UNKNOWN / UNSPECIFIED,,,
124.0,2020.0,2020-07-18,USA,UT,1.0,,,1.0,,,UNKNOWN / UNSPECIFIED,,,
123.0,2020.0,2020-06-23,USA,GA,1.0,,,1.0,,,UNKNOWN / UNSPECIFIED,,,
122.0,2020.0,2020-06-21,Germany,,3.0,,,3.0,,,3,1.0,,
121.0,2020.0,2020-06-17,Canada,,1.0,,,1.0,,,UNKNOWN / UNSPECIFIED,,,
120.0,2020.0,2020-06-08,Netherlands,,1.0,1.0,,,,1.0,3,,,
119.0,2020.0,2020-05-25,USA,CA,1.0,1.0,,,,1.0,UNKNOWN / UNSPECIFIED,,,
118.0,2020.0,2020-05-14,USA,CA,1.0,,,1.0,,,3,1.0,,1.0
117.0,2020.0,2020-05-05,USA,CA,1.0,,,1.0,,,UNKNOWN / UNSPECIFIED,,,
116.0,2020.0,2020-05-04,Norway,,1.0,,,1.0,,,S,1.0,1.0,1.0
115.0,2020.0,2020-04-24,Netherlands,,1.0,1.0,,,,1.0,UNKNOWN / UNSPECIFIED,,,
114.0,2020.0,2020-04-03,Taiwan,,1.0,1.0,,,,1.0,3,,,
113.0,2020.0,2020-04-01,USA,OH,1.0,1.0,,,,1.0,3,,,
112.0,2020.0,2020-03-08,USA,GA,1.0,,,1.0,,,UNKNOWN / UNSPECIFIED,,,
111.0,2020.0,2020-03-04,Netherlands,,1.0,,,1.0,,,UNKNOWN / UNSPECIFIED,,,
110.0,2020.0,2020-02-24,USA,CA,1.0,1.0,,,,1.0,UNKNOWN / UNSPECIFIED,,,
109.0,2020.0,2020-02-24,Canada,,3.0,1.0,2.0,,,3.0,3,,,
108.0,2020.0,2020-01-31,USA,FL,1.0,,,1.0,,,3,,,
107.0,2020.0,2020-01-26,USA,NJ,1.0,,,1.0,,,X,,,
106.0,2020.0,2020-01-21,Germany,,1.0,,,,1.0,1.0,S,,,
105.0,2020.0,2020-01-19,Taiwan,,1.0,,,,1.0,1.0,X,,,
104.0,2020.0,2020-01-18,USA,CA,1.0,1.0,,,,1.0,S,,,
103.0,2020.0,2020-01-05,USA,UT,2.0,,,2.0,,,UNKNOWN / UNSPECIFIED,,,
102.0,2020.0,2020-01-04,USA,FL,1.0,,,1.0,,,3,,,
101.0,2019.0,2019-12-29,USA,IN,1.0,,1.0,,,1.0,3,1.0,1.0,1.0
100.0,2019.0,2019-12-29,USA,CA,2.0,,,2.0,,,S,2.0,2.0,2.0
99.0,2019.0,2019-12-23,Slovenia,,1.0,,,1.0,,,S,,,
98.0,2019.0,2019-12-19,USA,FL,2.0,1.0,1.0,,,2.0,UNKNOWN / UNSPECIFIED,,,
97.0,2019.0,2019-12-11,USA,CA,1.0,,,1.0,,,X,,,
96.0,2019.0,2019-12-10,USA,NV,1.0,,,1.0,,,UNKNOWN / UNSPECIFIED,,,
95.0,2019.0,2019-12-01,USA,TX,2.0,,,2.0,,,UNKNOWN / UNSPECIFIED,,,
94.0,2019.0,2019-11-24,Taiwan,,1.0,1.0,,,,1.0,3,,,
93.0,2019.0,2019-11-22,USA,CA,1.0,1.0,,,,1.0,UNKNOWN / UNSPECIFIED,,,
92.0,2019.0,2019-11-21,USA,CA,1.0,,,,1.0,1.0,S,,,
91.0,2019.0,2019-11-20,Austria,,1.0,1.0,,,,1.0,3,,,
90.0,2019.0,2019-11-20,USA,FL,1.0,1.0,,,,1.0,3,,,
89.0,2019.0,2019-11-20,USA,CA,1.0,,,1.0,,,UNKNOWN / UNSPECIFIED,,,
88.0,2019.0,2019-11-14,Germany,,1.0,,,,1.0,1.0,3,,,
87.0,2019.0,2019-11-10,USA,FL,1.0,,,1.0,,,UNKNOWN / UNSPECIFIED,,,
86.0,2019.0,2019-11-07,USA,CA,1.0,,,1.0,,,3,,,
85.0,2019.0,2019-11-01,Norway,,1.0,,,,,,S,,,
84.0,2019.0,2019-10-19,USA,PA,1.0,,,1.0,,,X,1.0,,1.0
83.0,2019.0,2019-10-17,Germany,,1.0,,,1.0,,,S,,,
82.0,2019.0,2019-10-12,USA,CA,1.0,,,1.0,,,S,,,
81.0,2019.0,2019-09-22,USA,NV,1.0,,,1.0,,,3,,,
80.0,2019.0,2019-09-17,USA,FL,1.0,1.0,,,,1.0,UNKNOWN / UNSPECIFIED,1.0,,
79.0,2019.0,2019-09-11,USA,OH,1.0,,,1.0,,,S,,,
78.0,2019.0,2019-09-11,USA,VA,1.0,,,1.0,,,S,,,
77.0,2019.0,2019-09-08,USA,CA,1.0,,,1.0,,,UNKNOWN / UNSPECIFIED,,,
76.0,2019.0,2019-09-07,USA,PA,1.0,,1.0,,,1.0,3,,,
75.0,2019.0,2019-09-01,Germany,,2.0,,,2.0,,,UNKNOWN / UNSPECIFIED,,,
74.0,2019.0,2019-08-24,USA,CA,1.0,,,1.0,,,3,1.0,1.0,1.0
73.0,2019.0,2019-08-15,Germany,,1.0,,,1.0,,,S,,,
72.0,2019.0,2019-07-21,USA,DE,1.0,,,,1.0,1.0,3,,,
71.0,2019.0,2019-07-21,USA,CA,1.0,,,,1.0,1.0,3,,,
70.0,2019.0,2019-07-13,USA,CA,1.0,,,,1.0,1.0,UNKNOWN / UNSPECIFIED,,,
69.0,2019.0,2019-07-08,USA,IA,1.0,,,1.0,,,S,,,
68.0,2019.0,2019-06-30,USA,CA,1.0,1.0,,,,1.0,3,1.0,,
67.0,2019.0,2019-06-07,Ukraine,,1.0,,1.0,,,1.0,X,,,
66.0,2019.0,2019-06-04,USA,CA,1.0,,,1.0,,,S,,,
65.0,2019.0,2019-05-31,USA,CA,1.0,,,1.0,,,UNKNOWN / UNSPECIFIED,,,
64.0,2019.0,2019-04-30,Spain,,1.0,,,1.0,,,S,,,
63.0,2019.0,2019-04-25,USA,FL,1.0,,,,1.0,1.0,S,1.0,1.0,1.0
62.0,2019.0,2019-04-15,USA,CA,1.0,,1.0,,,1.0,UNKNOWN / UNSPECIFIED,,,
61.0,2019.0,2019-03-18,Canada,,1.0,1.0,,,,1.0,X,,,
60.0,2019.0,2019-03-10,USA,FL,1.0,,1.0,,,1.0,3,,,
59.0,2019.0,2019-03-01,USA,FL,1.0,1.0,,,,1.0,3,1.0,1.0,1.0
58.0,2019.0,2019-02-24,USA,FL,1.0,1.0,,,,1.0,S,,,
57.0,2019.0,2019-02-18,USA,CA,1.0,1.0,,,,1.0,S,,,
56.0,2019.0,2019-01-30,Holland,,1.0,,,1.0,,,S,1.0,,
55.0,2018.0,2018-12-30,USA,VA,1.0,1.0,,,,1.0,3,,,
54.0,2018.0,2018-12-26,USA,NH,1.0,,1.0,,,1.0,X,,,
53.0,2018.0,2018-11-15,Denmark,,1.0,,,1.0,,,S,,,
52.0,2018.0,2018-11-10,USA,FL,1.0,,,1.0,,,X,,,
51.0,2018.0,2018-11-09,USA,CA,2.0,,2.0,,,2.0,S,,,
50.0,2018.0,2018-10-26,Canada,,1.0,,1.0,,,1.0,S,,,
49.0,2018.0,2018-09-21,USA,CA,1.0,1.0,,,,1.0,S,,,
48.0,2018.0,2018-09-15,Japan,,2.0,,,2.0,,,X,,,
47.0,2018.0,2018-08-04,Holland,,1.0,,1.0,,,1.0,S,,,
46.0,2018.0,2018-07-24,USA,MO,1.0,1.0,,,,1.0,UNKNOWN / UNSPECIFIED,,,
45.0,2018.0,2018-05-20,USA,CA,1.0,1.0,,,,1.0,S,,,
44.0,2018.0,2018-05-10,Switzerland,,1.0,1.0,,,,1.0,UNKNOWN / UNSPECIFIED,,,
43.0,2018.0,2018-05-08,USA,FL,2.0,1.0,1.0,,,2.0,S,,,
42.0,2018.0,2018-04-29,Japan,,1.0,,,1.0,,,X,1.0,1.0,1.0
41.0,2018.0,2018-04-28,USA,OH,1.0,,1.0,,,1.0,S,,,
40.0,2018.0,2018-03-23,USA,CA,1.0,1.0,,,,1.0,UNKNOWN / UNSPECIFIED,1.0,1.0,1.0
39.0,2018.0,2018-03-12,China,,1.0,,,,1.0,1.0,UNKNOWN / UNSPECIFIED,,,
38.0,2018.0,2018-03-12,Norway,,1.0,1.0,,,,1.0,UNKNOWN / UNSPECIFIED,,,
37.0,2017.0,2017-11-22,Switzerland,,1.0,,,1.0,,,S,,,
36.0,2017.0,2017-11-14,Australia,,1.0,,,,1.0,1.0,UNKNOWN / UNSPECIFIED,,,
35.0,2017.0,2017-09-24,USA,TN,1.0,1.0,,,,1.0,UNKNOWN / UNSPECIFIED,,,
34.0,2017.0,2017-08-13,USA,AZ,1.0,,,1.0,,,UNKNOWN / UNSPECIFIED,,,
33.0,2017.0,2017-07-21,USA,AZ,1.0,,,1.0,,,UNKNOWN / UNSPECIFIED,,,
32.0,2017.0,2017-06-25,USA,CA,1.0,,,1.0,,,UNKNOWN / UNSPECIFIED,,,
31.0,2017.0,2017-06-10,USA,HI,1.0,,,1.0,,,S,,,
30.0,2017.0,2017-05-11,USA,FL,1.0,,,1.0,,,UNKNOWN / UNSPECIFIED,,,
29.0,2017.0,2017-04-26,Norway,,1.0,,,1.0,,,UNKNOWN / UNSPECIFIED,,,
28.0,2017.0,2017-03-13,USA,CA,1.0,,,,1.0,1.0,UNKNOWN / UNSPECIFIED,,,
27.0,2017.0,2017-01-17,Germany,,1.0,1.0,,,,1.0,UNKNOWN / UNSPECIFIED,,,
26.0,2016.0,2016-12-20,USA,CA,1.0,,,,1.0,1.0,X,,,
25.0,2016.0,2016-11-23,USA,IL,1.0,1.0,,,,1.0,S,,,
24.0,2016.0,2016-11-03,USA,IN,2.0,1.0,1.0,,,2.0,UNKNOWN / UNSPECIFIED,,,
23.0,2016.0,2016-10-10,USA,NH,1.0,,,1.0,,,S,,,
22.0,2016.0,2016-10-07,USA,CA,1.0,,,1.0,,,UNKNOWN / UNSPECIFIED,,,
21.0,2016.0,2016-09-07,Holland,,1.0,1.0,,,,1.0,UNKNOWN / UNSPECIFIED,,,
20.0,2016.0,2016-09-01,USA,FL,1.0,,,1.0,,,UNKNOWN / UNSPECIFIED,,,
19.0,2016.0,2016-08-15,USA,CA,1.0,,1.0,,,1.0,S,,,
18.0,2016.0,2016-07-29,USA,FL,1.0,,,,1.0,1.0,UNKNOWN / UNSPECIFIED,,,
17.0,2016.0,2016-07-22,USA,CA,1.0,,,1.0,,,S,,,
16.0,2016.0,2016-06-08,USA,HI,1.0,,,1.0,,,UNKNOWN / UNSPECIFIED,,,
15.0,2016.0,2016-05-07,USA,FL,1.0,1.0,,,,1.0,UNKNOWN / UNSPECIFIED,1.0,1.0,1.0
14.0,2016.0,2016-04-22,USA,CA,1.0,,,,1.0,1.0,S,,,
13.0,2016.0,2016-04-08,USA,OH,1.0,,,1.0,,,UNKNOWN / UNSPECIFIED,,,
12.0,2016.0,2016-01-20,China,,1.0,1.0,,,,1.0,S,1.0,1.0,1.0
11.0,2015.0,2015-12-28,USA,TX,1.0,1.0,,,,1.0,UNKNOWN / UNSPECIFIED,,,
10.0,2015.0,2015-12-22,Canada,,1.0,1.0,,,,1.0,UNKNOWN / UNSPECIFIED,,,
9.0,2015.0,2015-11-18,USA,CA,1.0,,,,1.0,1.0,UNKNOWN / UNSPECIFIED,,,
8.0,2015.0,2015-06-22,USA,CA,1.0,1.0,,,,1.0,UNKNOWN / UNSPECIFIED,,,
7.0,2015.0,2015-01-22,USA,CA,1.0,1.0,,,,1.0,S,,,
6.0,2014.0,2014-12-30,USA,CA,1.0,1.0,,,,1.0,UNKNOWN / UNSPECIFIED,,,
5.0,2014.0,2014-07-14,USA,CA,1.0,,,1.0,,,UNKNOWN / UNSPECIFIED,,,
4.0,2014.0,2014-07-04,USA,CA,1.0,1.0,,,,1.0,UNKNOWN / UNSPECIFIED,,,
3.0,2014.0,2014-07-04,USA,CA,3.0,,,3.0,,,UNKNOWN / UNSPECIFIED,,,
2.0,2013.0,2013-11-02,USA,CA,1.0,,,,1.0,1.0,UNKNOWN / UNSPECIFIED,,,
1.0,2013.0,2013-04-02,USA,CA,2.0,,,2.0,,,S,,,
